step,balance,equity,position,reward
0,4999.011048749264,4996.247850123824,1,0.2
1,4999.011048749264,4998.7614580637155,1,-0.01
2,4999.011048749264,5003.656928041212,1,-0.02
3,4999.011048749264,5005.1497300338115,1,-0.03
4,4999.011048749264,5005.87266603411,1,-0.04
5,4999.011048749264,5008.368672042408,1,-0.05
6,4999.011048749264,5010.923754067004,1,-0.06
7,4999.011048749264,5010.412994132494,1,-0.07
8,4999.011048749264,5009.435632304365,1,-0.08
9,4999.011048749264,5007.774306754492,1,-0.09
10,4999.011048749264,5007.607691932999,1,-0.1
11,4999.011048749264,5011.369173018393,1,-0.11
12,4999.011048749264,5011.860231096069,1,-0.12
13,4999.011048749264,5013.661924243703,1,-0.13
14,4999.011048749264,5016.19594560893,1,-0.14
15,4999.011048749264,5018.316316556973,1,-0.15
16,4999.011048749264,5021.51340803588,1,-0.16
17,4999.011048749264,5027.714311524556,1,-0.17
18,4999.011048749264,5034.029930511676,1,-0.18
19,4999.011048749264,5036.025883984361,1,-0.19
20,4999.011048749264,5035.278125415296,1,-0.2
21,4999.011048749264,5035.148896235415,1,-0.21
22,4999.011048749264,5034.408967264839,1,-0.22
23,4999.011048749264,5034.448409532992,1,-0.23
24,4999.011048749264,5037.376665308024,1,-0.24
25,4999.011048749264,5037.56199036497,1,-0.25
26,4999.011048749264,5038.489709760775,1,-0.26
27,4999.011048749264,5039.887542891243,1,-0.27
28,4999.011048749264,5042.433322886846,1,-0.28
29,4999.011048749264,5042.642829743184,1,-0.29
30,4999.011048749264,5044.125570316595,1,-0.3
31,4999.011048749264,5046.2642851804885,1,-0.31
32,4999.011048749264,5046.787689198762,1,-0.32
33,4999.011048749264,5044.129186389684,1,-0.33
34,4999.011048749264,5037.4502739441805,1,-0.34
35,4999.011048749264,5035.982039416747,1,-0.35
36,4999.011048749264,5035.366248279949,1,-0.36
37,4999.011048749264,5029.747109396992,1,-0.37
38,4999.011048749264,5025.965483884913,1,-0.38
39,4999.011048749264,5020.789746231638,1,-0.39
40,4999.011048749264,5015.464158783888,1,-0.4
41,4999.011048749264,5014.623134093915,1,-0.41
42,4999.011048749264,5016.815647471746,1,-0.42
43,4999.011048749264,5017.714212295213,1,-0.43
44,4999.011048749264,5017.917393387781,1,-0.44
45,4999.011048749264,5018.158371842021,1,-0.45
46,4999.011048749264,5019.968126112168,1,-0.46
47,4999.011048749264,5020.826410468375,1,-0.47
48,4999.011048749264,5025.471509266843,1,-0.48
49,4999.011048749264,5035.018521306044,1,-0.49
50,4999.011048749264,5041.854458625178,1,-0.5
51,4999.011048749264,5046.455258543379,1,-0.51
52,4999.011048749264,5047.851720978849,1,-0.52
53,4999.011048749264,5048.550308367056,1,-0.53
54,4999.011048749264,5049.349608096207,1,-0.54
55,4999.011048749264,5051.818919895455,1,-0.55
56,4999.011048749264,5057.087555564046,1,-0.56
57,4999.011048749264,5062.804150770572,1,-0.57
58,4999.011048749264,5063.62530072156,1,-0.58
59,4999.011048749264,5064.472155367998,1,-0.59
60,4999.011048749264,5066.491569356323,1,-0.6
61,4999.011048749264,5067.002956674862,1,-0.61
62,4999.011048749264,5070.087704642151,1,-0.62
63,4999.011048749264,5078.750561225479,1,-0.63
64,4999.011048749264,5086.544383008177,1,-0.64
65,4999.011048749264,5088.81299177294,1,-0.65
66,4999.011048749264,5089.434996284534,1,-0.66
67,4999.011048749264,5087.402401054548,1,-0.67
68,4999.011048749264,5085.472610853001,1,-0.68
69,4999.011048749264,5084.175835478345,1,-0.69
70,4999.011048749264,5083.115299555924,1,-0.7
71,4999.011048749264,5083.620467163318,1,-0.71
72,4999.011048749264,5083.836505907917,1,-0.72
73,4999.011048749264,5085.619454534321,1,-0.73
74,4999.011048749264,5088.0022616689375,1,-0.74
75,4999.011048749264,5086.87773444638,1,-0.75
76,4999.011048749264,5086.2313456440925,1,-0.76
77,4999.011048749264,5085.1467064597855,1,-0.77
78,4999.011048749264,5083.2791777091525,1,-0.78
79,4999.011048749264,5081.011230641562,1,-0.79
80,4999.011048749264,5081.824918189422,1,-0.8
81,4999.011048749264,5080.283927900593,1,-0.81
82,4999.011048749264,5076.147269486246,1,-0.82
83,4999.011048749264,5074.058284532034,1,-0.83
84,4999.011048749264,5070.447988083745,1,-0.84
85,4999.011048749264,5069.626083693091,1,-0.85
86,4999.011048749264,5071.080666969416,1,-0.86
87,4999.011048749264,5075.186321189048,1,-0.87
88,4999.011048749264,5082.488700571615,1,-0.88
89,4999.011048749264,5086.420184499687,1,-0.89
90,4999.011048749264,5089.462256901333,1,-0.9
91,4999.011048749264,5092.546990178201,1,-0.91
92,4999.011048749264,5096.069117607159,1,-0.92
93,4999.011048749264,5097.900766617164,1,-0.93
94,4999.011048749264,5101.243586218224,1,-0.94
95,4999.011048749264,5102.760396011396,1,-0.95
96,5106.252006095834,5106.252006095834,0,5.77098
97,5105.208297338441,5105.9315031023125,1,0.2
98,5105.208297338441,5108.26195195045,1,-0.96
99,5105.208297338441,5107.587278952664,1,-0.97
100,5105.208297338441,5105.572811111168,1,-0.98
101,5105.208297338441,5102.0140805844685,1,-0.99
102,5105.208297338441,5099.692356845865,1,-1.0
103,5105.208297338441,5097.745916156755,1,-1.01
104,5105.208297338441,5096.968317828025,1,-1.02
105,5105.208297338441,5097.911963530949,1,-1.03
106,5105.208297338441,5098.220498968447,1,-1.04
107,5105.208297338441,5094.562459578021,1,-1.05
108,5105.208297338441,5094.1198059692415,1,-1.06
109,5105.208297338441,5094.029884533331,1,-1.07
110,5105.208297338441,5094.222773834377,1,-1.08
111,5105.208297338441,5092.22136317343,1,-1.09
112,5105.208297338441,5092.89424188954,1,-1.1
113,5105.208297338441,5092.36428869882,1,-1.11
114,5105.208297338441,5091.501550410547,1,-1.12
115,5105.208297338441,5092.1632887364485,1,-1.13
116,5105.208297338441,5092.901242002426,1,-1.14
117,5105.208297338441,5093.84336347446,1,-1.15
118,5105.208297338441,5093.281774624579,1,-1.16
119,5105.208297338441,5090.814886602906,1,-1.17
120,5105.208297338441,5091.455811387765,1,-1.18
121,5105.208297338441,5092.635473764016,1,-1.19
122,5105.208297338441,5093.49353610791,1,-1.2
123,5105.208297338441,5090.0780607633405,1,-1.21
124,5105.208297338441,5087.243572385739,1,-1.22
125,5105.208297338441,5089.455582597504,1,-1.23
126,5105.208297338441,5091.3861016104,1,-1.24
127,5105.208297338441,5092.265648437324,1,-1.25
128,5105.208297338441,5090.773769905198,1,-1.26
129,5105.208297338441,5089.0385874818985,1,-1.27
130,5105.208297338441,5088.274918744126,1,-1.28
131,5105.208297338441,5086.989094954104,1,-1.29
132,5105.208297338441,5087.555292321815,1,-1.3
133,5105.208297338441,5089.999708214968,1,-1.31
134,5105.208297338441,5092.936758526718,1,-1.32
135,5105.208297338441,5098.203493568813,1,-1.33
136,5105.208297338441,5105.13664838335,1,-1.34
137,5105.208297338441,5107.929377784862,1,-1.35
138,5105.208297338441,5106.754411174865,1,-1.36
139,5105.208297338441,5104.6167819433595,1,-1.37
140,5105.208297338441,5101.278860858839,1,-1.38
141,5105.208297338441,5102.462726836784,1,-1.39
142,5105.208297338441,5103.262245855143,1,-1.4
143,5105.208297338441,5101.676936932271,1,-1.41
144,5105.208297338441,5101.211491145297,1,-1.42
145,5105.208297338441,5096.860462707251,1,-1.43
146,5105.208297338441,5094.112823180081,1,-1.44
147,5105.208297338441,5094.740933036619,1,-1.45
148,5105.208297338441,5094.522902133405,1,-1.46
149,5105.208297338441,5094.320699567221,1,-1.47
150,5105.208297338441,5094.502122771886,1,-1.48
151,5105.208297338441,5091.698594952066,1,-1.49
152,5105.208297338441,5089.95658828794,1,-1.5
153,5105.208297338441,5084.55409611538,1,-1.51
154,5105.208297338441,5084.658626261828,1,-1.52
155,5105.208297338441,5083.974708873731,1,-1.53
156,5105.208297338441,5083.048426562993,1,-1.54
157,5105.208297338441,5080.453497018877,1,-1.55
158,5105.208297338441,5077.764990697266,1,-1.56
159,5105.208297338441,5077.294401276546,1,-1.57
160,5105.208297338441,5075.131139335998,1,-1.58
161,5105.208297338441,5077.101942935078,1,-1.59
162,5105.208297338441,5081.4476156728615,1,-1.6
163,5105.208297338441,5085.203830287135,1,-1.61
164,5105.208297338441,5085.99680139217,1,-1.62
165,5105.208297338441,5087.979500093003,1,-1.63
166,5105.208297338441,5088.654625090465,1,-1.64
167,5105.208297338441,5090.77730138202,1,-1.65
168,5105.208297338441,5091.730205259222,1,-1.66
169,5105.208297338441,5092.296240599273,1,-1.67
170,5105.208297338441,5093.111442742225,1,-1.68
171,5105.208297338441,5093.751013831032,1,-1.69
172,5105.208297338441,5093.494524954495,1,-1.7
173,5105.208297338441,5093.575487236081,1,-1.71
174,5105.208297338441,5094.024862957378,1,-1.72
175,5105.208297338441,5094.302027839681,1,-1.73
176,5105.208297338441,5094.854146765289,1,-1.74
177,5105.208297338441,5093.103338659817,1,-1.75
178,5105.208297338441,5091.038795417788,1,-1.76
179,5105.208297338441,5089.585973797175,1,-1.77
180,5105.208297338441,5090.252052177364,1,-1.78
181,5105.208297338441,5091.843108938543,1,-1.79
182,5105.208297338441,5092.5102008418935,1,-1.8
183,5105.208297338441,5091.7004197907645,1,-1.81
184,5105.208297338441,5090.973984734029,1,-1.82
185,5105.208297338441,5088.984460614949,1,-1.83
186,5105.208297338441,5086.982323314447,1,-1.84
187,5105.208297338441,5084.135435532017,1,-1.85
188,5105.208297338441,5082.146909485233,1,-1.86
189,5105.208297338441,5082.598219127309,1,-1.87
190,5105.208297338441,5083.970674100319,1,-1.88
191,5105.208297338441,5084.826729377279,1,-1.89
192,5105.208297338441,5086.892440235144,1,-1.9
193,5080.902307692254,5080.902307692254,0,-0.8153801
194,5079.869145533635,5077.925630904494,1,0.2
195,5079.869145533635,5079.5871167039895,1,-1.91
196,5079.869145533635,5081.814053070431,1,-1.92
197,5079.869145533635,5086.543376370263,1,-1.93
198,5079.869145533635,5094.564409903317,1,-1.94
199,5079.869145533635,5102.7881872026455,1,-1.95
200,5079.869145533635,5104.308485567578,1,-1.96
201,5079.869145533635,5105.625603363046,1,-1.97
202,5079.869145533635,5111.366658384517,1,-1.98
203,5079.869145533635,5124.982705653462,1,-1.99
204,5079.869145533635,5134.509792438828,1,-2.0
205,5079.869145533635,5142.385005525982,1,-2.01
206,5079.869145533635,5150.403558002072,1,-2.02
207,5079.869145533635,5160.314002343194,1,-2.03
208,5079.869145533635,5173.626782890467,1,-2.04
209,5079.869145533635,5182.674680191168,1,-2.05
210,5079.869145533635,5186.415591545992,1,-2.06
211,5079.869145533635,5193.2804283097685,1,-2.07
212,5079.869145533635,5189.73402724627,1,-2.08
213,5079.869145533635,5186.659987291999,1,-2.09
214,5079.869145533635,5184.024268492685,1,-2.1
215,5079.869145533635,5184.8411520490135,1,-2.11
216,5079.869145533635,5185.6675215173145,1,-2.12
217,5079.869145533635,5183.419746365888,1,-2.13
218,5079.869145533635,5180.6600514433085,1,-2.14
219,5079.869145533635,5180.728741826993,1,-2.15
220,5079.869145533635,5181.184507900631,1,-2.16
221,5079.869145533635,5177.823115737856,1,-2.17
222,5079.869145533635,5174.8431731758965,1,-2.18
223,5079.869145533635,5176.844737652791,1,-2.19
224,5079.869145533635,5180.2493736454335,1,-2.2
225,5079.869145533635,5180.941717146468,1,-2.21
226,5079.869145533635,5179.704111656927,1,-2.22
227,5079.869145533635,5176.378951687273,1,-2.23
228,5079.869145533635,5174.921077267847,1,-2.24
229,5079.869145533635,5174.702613979229,1,-2.25
230,5079.869145533635,5175.325098532797,1,-2.26
231,5079.869145533635,5177.881015482119,1,-2.27
232,5079.869145533635,5180.0562817765185,1,-2.28
233,5079.869145533635,5182.006163710395,1,-2.29
234,5079.869145533635,5177.720543217625,1,-2.3
235,5079.869145533635,5175.723799805437,1,-2.31
236,5079.869145533635,5173.889190061644,1,-2.32
237,5079.869145533635,5175.102104242453,1,-2.33
238,5079.869145533635,5175.295456528673,1,-2.34
239,5079.869145533635,5174.352599206522,1,-2.35
240,5079.869145533635,5174.630674953851,1,-2.36
241,5079.869145533635,5173.41775951799,1,-2.37
242,5079.869145533635,5166.640937463077,1,-2.38
243,5079.869145533635,5159.983386734197,1,-2.39
244,5079.869145533635,5156.4275566024735,1,-2.4
245,5079.869145533635,5156.50761693618,1,-2.41
246,5079.869145533635,5160.8336280690255,1,-2.42
247,5079.869145533635,5166.211601133855,1,-2.43
248,5079.869145533635,5167.509509195497,1,-2.44
249,5079.869145533635,5169.285260315593,1,-2.45
250,5079.869145533635,5168.204605614241,1,-2.46
251,5079.869145533635,5169.296890390086,1,-2.47
252,5079.869145533635,5169.064399418976,1,-2.48
253,5079.869145533635,5167.6946417298,1,-2.49
254,5079.869145533635,5168.457859633382,1,-2.5
255,5079.869145533635,5168.577271033304,1,-2.51
256,5079.869145533635,5168.692287329488,1,-2.52
257,5079.869145533635,5165.837924818116,1,-2.53
258,5079.869145533635,5166.099820987819,1,-2.54
259,5079.869145533635,5164.4798720083,1,-2.55
260,5079.869145533635,5160.838128900038,1,-2.56
261,5079.869145533635,5160.112848554771,1,-2.57
262,5079.869145533635,5159.088750627231,1,-2.58
263,5079.869145533635,5155.361737189882,1,-2.59
264,5079.869145533635,5148.734794805371,1,-2.6
265,5079.869145533635,5148.720981089191,1,-2.61
266,5079.869145533635,5149.156482325159,1,-2.62
267,5079.869145533635,5150.346799749244,1,-2.63
268,5079.869145533635,5146.5322507855335,1,-2.64
269,5079.869145533635,5145.978286470314,1,-2.65
270,5079.869145533635,5146.200942488366,1,-2.66
271,5079.869145533635,5142.382874857743,1,-2.67
272,5079.869145533635,5140.016015947821,1,-2.68
273,5079.869145533635,5135.153506848678,1,-2.69
274,5079.869145533635,5126.88283846117,1,-2.7
275,5079.869145533635,5117.893342397789,1,-2.71
276,5079.869145533635,5118.0455225951555,1,-2.72
277,5079.869145533635,5122.571559250636,1,-2.73
278,5079.869145533635,5126.58748901971,1,-2.74
279,5079.869145533635,5128.219241671451,1,-2.75
280,5079.869145533635,5128.8885698576,1,-2.76
281,5079.869145533635,5130.734801764306,1,-2.77
282,5079.869145533635,5130.094169298275,1,-2.78
283,5079.869145533635,5129.046039993479,1,-2.79
284,5079.869145533635,5134.2922845451185,1,-2.8
285,5079.869145533635,5139.469147504835,1,-2.81
286,5079.869145533635,5145.603491832346,1,-2.82
287,5079.869145533635,5147.69966185516,1,-2.83
288,5079.869145533635,5151.493827596092,1,-2.84
289,5079.869145533635,5153.360154796075,1,-2.85
290,5152.81653339919,5152.81653339919,0,3.879323
291,5151.746713727431,5148.238975431539,1,0.2
292,5151.746713727431,5147.168520703724,1,-2.86
293,5151.746713727431,5150.049036143212,1,-2.87
294,5151.746713727431,5153.93103718949,1,-2.88
295,5151.746713727431,5158.786524888834,1,-2.89
296,5151.746713727431,5159.3409869405905,1,-2.9
297,5151.746713727431,5159.3788853965125,1,-2.91
298,5151.746713727431,5159.538118712526,1,-2.92
299,5151.746713727431,5160.637920204645,1,-2.93
300,5151.746713727431,5158.938091364984,1,-2.94
301,5151.746713727431,5158.0788033538865,1,-2.95
302,5151.746713727431,5157.470768160252,1,-2.96
303,5151.746713727431,5154.425950590449,1,-2.97
304,5151.746713727431,5150.099533074673,1,-2.98
305,5151.746713727431,5144.975098097147,1,-2.99
306,5151.746713727431,5141.218210680345,1,-3.0
307,5151.746713727431,5140.101983407465,1,-3.01
308,5151.746713727431,5137.740189005628,1,-3.02
309,5151.746713727431,5135.801033072996,1,-3.03
310,5151.746713727431,5134.755359676936,1,-3.04
311,5151.746713727431,5132.487495421391,1,-3.05
312,5151.746713727431,5129.349576050814,1,-3.06
313,5151.746713727431,5130.703682194629,1,-3.07
314,5151.746713727431,5135.963919996651,1,-3.08
315,5151.746713727431,5137.490527258904,1,-3.09
316,5151.746713727431,5136.190111243637,1,-3.1
317,5151.746713727431,5139.552255935584,1,-3.11
318,5151.746713727431,5140.999106026695,1,-3.12
319,5151.746713727431,5143.347511608075,1,-3.13
320,5151.746713727431,5147.115878261111,1,-3.14
321,5151.746713727431,5149.962572638835,1,-3.15
322,5151.746713727431,5151.334289118973,1,-3.16
323,5151.746713727431,5151.702744181661,1,-3.17
324,5151.746713727431,5149.536392889587,1,-3.18
325,5151.746713727431,5148.018883950677,1,-3.19
326,5151.746713727431,5147.262708426024,1,-3.2
327,5151.746713727431,5151.691690790971,1,-3.21
328,5151.746713727431,5157.794813410466,1,-3.22
329,5151.746713727431,5155.465198904007,1,-3.23
330,5151.746713727431,5154.293232765131,1,-3.24
331,5151.746713727431,5153.476948854965,1,-3.25
332,5151.746713727431,5153.790063263339,1,-3.26
333,5151.746713727431,5156.215690398631,1,-3.27
334,5151.746713727431,5158.159457396132,1,-3.28
335,5151.746713727431,5156.855131253345,1,-3.29
336,5151.746713727431,5154.228385827479,1,-3.3
337,5151.746713727431,5153.07247569267,1,-3.31
338,5151.746713727431,5153.56149071411,1,-3.32
339,5151.746713727431,5153.744445913237,1,-3.33
340,5151.746713727431,5150.924296489178,1,-3.34
341,5151.746713727431,5146.570893017876,1,-3.35
342,5151.746713727431,5143.720832028028,1,-3.36
343,5151.746713727431,5142.194052529784,1,-3.37
344,5151.746713727431,5144.633775024902,1,-3.38
345,5151.746713727431,5146.519722008501,1,-3.39
346,5151.746713727431,5149.227840464177,1,-3.4
347,5151.746713727431,5152.166248847607,1,-3.41
348,5151.746713727431,5155.773355542222,1,-3.42
349,5151.746713727431,5157.0362672426345,1,-3.43
350,5151.746713727431,5159.067895649261,1,-3.44
351,5151.746713727431,5159.999869168725,1,-3.45
352,5151.746713727431,5161.494161320492,1,-3.46
353,5151.746713727431,5159.855064256329,1,-3.47
354,5151.746713727431,5155.323480912071,1,-3.48
355,5151.746713727431,5151.707827943462,1,-3.49
356,5151.746713727431,5151.082452381892,1,-3.5
357,5151.746713727431,5153.961978665793,1,-3.51
358,5151.746713727431,5156.3759330790635,1,-3.52
359,5151.746713727431,5158.478270034973,1,-3.53
360,5151.746713727431,5159.171326489436,1,-3.54
361,5151.746713727431,5159.528158896913,1,-3.55
362,5151.746713727431,5160.41559966488,1,-3.56
363,5151.746713727431,5162.031089561304,1,-3.57
364,5151.746713727431,5163.430118482611,1,-3.58
365,5151.746713727431,5161.541715350106,1,-3.59
366,5151.746713727431,5159.717477031287,1,-3.6
367,5151.746713727431,5156.31316520733,1,-3.61
368,5151.746713727431,5155.1644680542795,1,-3.62
369,5151.746713727431,5155.742688419088,1,-3.63
370,5151.746713727431,5155.176046666563,1,-3.64
371,5151.746713727431,5154.5379010441775,1,-3.65
372,5151.746713727431,5151.4201059295465,1,-3.66
373,5151.746713727431,5148.554866208042,1,-3.67
374,5151.746713727431,5148.186942158155,1,-3.68
375,5151.746713727431,5147.658409730001,1,-3.69
376,5151.746713727431,5148.690736495426,1,-3.7
377,5151.746713727431,5150.976249219855,1,-3.71
378,5151.746713727431,5150.9804606277185,1,-3.72
379,5151.746713727431,5153.9675821268775,1,-3.73
380,5151.746713727431,5154.12473521649,1,-3.74
381,5151.746713727431,5154.489072986171,1,-3.75
382,5151.746713727431,5155.2249332056,1,-3.76
383,5151.746713727431,5158.148176094207,1,-3.77
384,5151.746713727431,5156.822044540599,1,-3.78
385,5151.746713727431,5152.5004069911665,1,-3.79
386,5151.746713727431,5151.081625896477,1,-3.8
387,5151.521511571965,5151.521511571965,0,0.33849978
388,5150.451034689154,5151.090825701406,1,0.2
389,5150.451034689154,5153.0995231083925,1,-3.81
390,5150.451034689154,5154.110951438568,1,-3.82
391,5150.451034689154,5152.826539022108,1,-3.83
392,5150.451034689154,5150.011873442551,1,-3.84
393,5150.451034689154,5147.0022891203425,1,-3.85
394,5150.451034689154,5145.688201733272,1,-3.86
395,5150.451034689154,5146.055523894271,1,-3.87
396,5150.451034689154,5148.801577764336,1,-3.88
397,5150.451034689154,5153.102417213534,1,-3.89
398,5150.451034689154,5157.268881691063,1,-3.9
399,5150.451034689154,5159.8774356744525,1,-3.91
400,5150.451034689154,5165.05663314709,1,-3.92
401,5150.451034689154,5164.655671581615,1,-3.93
402,5150.451034689154,5164.333589412552,1,-3.94
403,5150.451034689154,5162.538304470838,1,-3.95
404,5150.451034689154,5162.314531814756,1,-3.96
405,5150.451034689154,5160.038498788229,1,-3.97
406,5150.451034689154,5158.704172364726,1,-3.98
407,5150.451034689154,5158.577226120746,1,-3.99
408,5150.451034689154,5159.570713812309,1,-4.0
409,5150.451034689154,5165.068123130977,1,-4.01
410,5150.451034689154,5173.6268633954205,1,-4.02
411,5150.451034689154,5186.4456748700795,1,-4.03
412,5150.451034689154,5191.833369029615,1,-4.04
413,5150.451034689154,5194.617640033561,1,-4.05
414,5150.451034689154,5196.592758885865,1,-4.06
415,5150.451034689154,5192.83384443883,1,-4.07
416,5150.451034689154,5192.3819822454225,1,-4.08
417,5150.451034689154,5192.625310112233,1,-4.09
418,5150.451034689154,5190.727155906072,1,-4.1
419,5150.451034689154,5188.84936542078,1,-4.11
420,5150.451034689154,5183.824148171064,1,-4.12
421,5150.451034689154,5178.616286907209,1,-4.13
422,5150.451034689154,5165.607920365359,1,-4.14
423,5150.451034689154,5158.370682003666,1,-4.15
424,5150.451034689154,5156.337333460435,1,-4.16
425,5150.451034689154,5151.264526192435,1,-4.17
426,5150.451034689154,5144.539452931669,1,-4.18
427,5150.451034689154,5147.297040417368,1,-4.19
428,5150.451034689154,5151.184876135234,1,-4.2
429,5150.451034689154,5152.35079580313,1,-4.21
430,5150.451034689154,5157.0207190889505,1,-4.22
431,5150.451034689154,5157.814569278517,1,-4.23
432,5150.451034689154,5158.2961965613995,1,-4.24
433,5150.451034689154,5158.077228220476,1,-4.25
434,5150.451034689154,5161.408695914825,1,-4.26
435,5150.451034689154,5163.4720673387965,1,-4.27
436,5150.451034689154,5165.23071391636,1,-4.28
437,5150.451034689154,5162.903282225083,1,-4.29
438,5150.451034689154,5161.922340573683,1,-4.3
439,5150.451034689154,5158.126947310764,1,-4.31
440,5150.451034689154,5153.981709173406,1,-4.32
441,5150.451034689154,5153.401388024248,1,-4.33
442,5150.451034689154,5147.825662714136,1,-4.34
443,5150.451034689154,5141.028807932959,1,-4.35
444,5150.451034689154,5137.073968899538,1,-4.36
445,5150.451034689154,5138.206306580451,1,-4.37
446,5150.451034689154,5138.598158656612,1,-4.38
447,5150.451034689154,5133.661377204182,1,-4.39
448,5150.451034689154,5132.2191807707295,1,-4.4
449,5150.451034689154,5135.9593729228045,1,-4.41
450,5150.451034689154,5136.99214581248,1,-4.42
451,5150.451034689154,5136.870272329433,1,-4.43
452,5150.451034689154,5136.521878990616,1,-4.44
453,5150.451034689154,5133.77857245721,1,-4.45
454,5150.451034689154,5132.247046195813,1,-4.46
455,5150.451034689154,5131.745773945024,1,-4.47
456,5150.451034689154,5134.183483454057,1,-4.48
457,5150.451034689154,5136.2578842319435,1,-4.49
458,5150.451034689154,5141.473377056571,1,-4.5
459,5150.451034689154,5144.645454752565,1,-4.51
460,5150.451034689154,5144.886195015917,1,-4.52
461,5150.451034689154,5146.926338109985,1,-4.53
462,5150.451034689154,5147.596027128837,1,-4.54
463,5150.451034689154,5149.94495109132,1,-4.55
464,5150.451034689154,5151.5020339599205,1,-4.56
465,5150.451034689154,5153.464358603238,1,-4.57
466,5150.451034689154,5154.954249664588,1,-4.58
467,5150.451034689154,5155.241598205325,1,-4.59
468,5150.451034689154,5154.803752766184,1,-4.6
469,5150.451034689154,5152.882867908023,1,-4.61
470,5150.451034689154,5153.3480587726835,1,-4.62
471,5150.451034689154,5153.3345162248215,1,-4.63
472,5150.451034689154,5152.10869771658,1,-4.64
473,5150.451034689154,5151.984784739713,1,-4.65
474,5150.451034689154,5153.898864317357,1,-4.66
475,5150.451034689154,5155.955016027154,1,-4.67
476,5150.451034689154,5155.809391578902,1,-4.68
477,5150.451034689154,5153.57636652435,1,-4.69
478,5150.451034689154,5152.102915808944,1,-4.7
479,5150.451034689154,5153.115588717279,1,-4.71
480,5150.451034689154,5161.127058157688,1,-4.72
481,5150.451034689154,5164.648793570583,1,-4.73
482,5150.451034689154,5166.1525303688595,1,-4.74
483,5150.451034689154,5166.2420053507885,1,-4.75
484,5163.533075463691,5163.533075463691,0,0.96006316
485,5162.455205151257,5162.801200746455,1,0.2
486,5162.455205151257,5165.950280980797,1,-4.76
487,5162.455205151257,5169.092932223206,1,-4.77
488,5162.455205151257,5170.2418057160885,1,-4.78
489,5162.455205151257,5170.045774952328,1,-4.79
490,5162.455205151257,5172.528809168163,1,-4.8
491,5162.455205151257,5173.61394257943,1,-4.81
492,5162.455205151257,5174.826308597395,1,-4.82
493,5162.455205151257,5172.518273240023,1,-4.83
494,5162.455205151257,5172.151801149939,1,-4.84
495,5162.455205151257,5170.9804202370615,1,-4.85
496,5162.455205151257,5171.802749588515,1,-4.86
497,5162.455205151257,5170.451118555751,1,-4.87
498,5162.455205151257,5168.603896106008,1,-4.88
499,5162.455205151257,5169.1838597895385,1,-4.89
500,5162.455205151257,5169.750973289874,1,-4.9
501,5162.455205151257,5171.062350107354,1,-4.91
502,5162.455205151257,5172.799367059456,1,-4.92
503,5162.455205151257,5175.04904109828,1,-4.93
504,5162.455205151257,5183.1810462626545,1,-4.94
505,5162.455205151257,5184.29738771695,1,-4.95
506,5162.455205151257,5175.964406915465,1,-4.96
507,5162.455205151257,5168.849123056712,1,-4.97
508,5162.455205151257,5166.606252281938,1,-4.98
509,5162.455205151257,5165.832923816372,1,-4.99
510,5162.455205151257,5170.595809194447,1,-5.0
511,5162.455205151257,5174.907793794235,1,-5.01
512,5162.455205151257,5184.650862215527,1,-5.02
513,5162.455205151257,5198.988082879612,1,-5.03
514,5162.455205151257,5211.686676450578,1,-5.04
515,5162.455205151257,5217.635236499387,1,-5.05
516,5162.455205151257,5215.512323074854,1,-5.06
517,5162.455205151257,5212.195022752441,1,-5.07
518,5162.455205151257,5213.0260352097375,1,-5.08
519,5162.455205151257,5217.61637290404,1,-5.09
520,5162.455205151257,5218.136373529649,1,-5.1
521,5162.455205151257,5220.956037712175,1,-5.11
522,5162.455205151257,5219.585029634145,1,-5.12
523,5162.455205151257,5219.322341217527,1,-5.13
524,5162.455205151257,5220.205284045703,1,-5.14
525,5162.455205151257,5222.616800946849,1,-5.15
526,5162.455205151257,5228.758408822112,1,-5.16
527,5162.455205151257,5231.821715546755,1,-5.17
528,5162.455205151257,5231.9000278454205,1,-5.18
529,5162.455205151257,5230.021658016772,1,-5.19
530,5162.455205151257,5230.448236232163,1,-5.2
531,5162.455205151257,5231.256340706985,1,-5.21
532,5162.455205151257,5230.374075916059,1,-5.22
533,5162.455205151257,5230.269177068461,1,-5.23
534,5162.455205151257,5231.306745316593,1,-5.24
535,5162.455205151257,5236.004348908584,1,-5.25
536,5162.455205151257,5243.699591436429,1,-5.26
537,5162.455205151257,5250.627715427969,1,-5.27
538,5162.455205151257,5255.046844874745,1,-5.28
539,5162.455205151257,5261.736109223536,1,-5.29
540,5162.455205151257,5262.864772823129,1,-5.3
541,5162.455205151257,5268.301499273119,1,-5.31
542,5162.455205151257,5273.463015023497,1,-5.32
543,5162.455205151257,5281.4508358246385,1,-5.33
544,5162.455205151257,5289.552782477687,1,-5.34
545,5162.455205151257,5289.320801635691,1,-5.35
546,5162.455205151257,5286.412912456655,1,-5.36
547,5162.455205151257,5285.27122576154,1,-5.37
548,5162.455205151257,5292.154054855235,1,-5.38
549,5162.455205151257,5298.174228831431,1,-5.39
550,5162.455205151257,5301.841921666326,1,-5.4
551,5162.455205151257,5309.394826194816,1,-5.41
552,5162.455205151257,5310.6558469453885,1,-5.42
553,5162.455205151257,5305.436004668618,1,-5.43
554,5162.455205151257,5297.275457087735,1,-5.44
555,5162.455205151257,5283.9336566218535,1,-5.45
556,5162.455205151257,5284.468802805093,1,-5.46
557,5162.455205151257,5283.836041820694,1,-5.47
558,5162.455205151257,5290.012612684256,1,-5.48
559,5162.455205151257,5298.445086259342,1,-5.49
560,5162.455205151257,5302.305936121039,1,-5.5
561,5162.455205151257,5299.366012131042,1,-5.51
562,5162.455205151257,5299.955390299356,1,-5.52
563,5162.455205151257,5301.533448794295,1,-5.53
564,5162.455205151257,5297.6582461107955,1,-5.54
565,5162.455205151257,5295.004579565359,1,-5.55
566,5162.455205151257,5291.268782612549,1,-5.56
567,5162.455205151257,5287.1450582995585,1,-5.57
568,5162.455205151257,5282.049682313393,1,-5.58
569,5162.455205151257,5283.807278667887,1,-5.59
570,5162.455205151257,5286.485443717536,1,-5.6
571,5162.455205151257,5290.53234251199,1,-5.61
572,5162.455205151257,5295.074873845702,1,-5.62
573,5162.455205151257,5299.2655690523825,1,-5.63
574,5162.455205151257,5300.745123338715,1,-5.64
575,5162.455205151257,5302.77309099103,1,-5.65
576,5162.455205151257,5302.747439661643,1,-5.66
577,5162.455205151257,5300.822518021165,1,-5.67
578,5162.455205151257,5302.503404429122,1,-5.68
579,5162.455205151257,5301.260985293469,1,-5.69
580,5162.455205151257,5297.492841478554,1,-5.7
581,5293.0056078654625,5293.0056078654625,0,6.4049687
582,5291.859244490337,5287.152356949162,1,0.2
583,5291.859244490337,5287.860689921148,1,-5.71
584,5291.859244490337,5286.3935819494745,1,-5.72
585,5291.859244490337,5288.22392506247,1,-5.73
586,5291.859244490337,5291.80206237313,1,-5.74
587,5291.859244490337,5299.676131192113,1,-5.75
588,5291.859244490337,5314.030200338402,1,-5.76
589,5291.859244490337,5329.29833895829,1,-5.77
590,5291.859244490337,5334.288685671659,1,-5.78
591,5291.859244490337,5341.14158719188,1,-5.79
592,5291.859244490337,5344.179945039175,1,-5.8
593,5291.859244490337,5351.41211706084,1,-5.81
594,5291.859244490337,5363.550275278539,1,-5.82
595,5291.859244490337,5368.172577909971,1,-5.83
596,5291.859244490337,5371.841327586564,1,-5.84
597,5291.859244490337,5372.775273984916,1,-5.85
598,5291.859244490337,5373.198363503377,1,-5.86
599,5291.859244490337,5371.833685660407,1,-5.87
600,5291.859244490337,5383.80656261304,1,-5.88
601,5291.859244490337,5384.269871313905,1,-5.89
602,5291.859244490337,5381.86692046387,1,-5.9
603,5291.859244490337,5383.664759212899,1,-5.91
604,5291.859244490337,5382.69122631002,1,-5.92
605,5291.859244490337,5382.222788852356,1,-5.93
606,5291.859244490337,5378.841009382241,1,-5.94
607,5291.859244490337,5374.434108429561,1,-5.95
608,5291.859244490337,5375.975185041636,1,-5.96
609,5291.859244490337,5372.235315830541,1,-5.97
610,5291.859244490337,5363.85463158518,1,-5.98
611,5291.859244490337,5350.372448060191,1,-5.99
612,5291.859244490337,5342.276581730588,1,-6.0
613,5291.859244490337,5336.281166266765,1,-6.01
614,5291.859244490337,5337.5607862049,1,-6.02
615,5291.859244490337,5341.435061483127,1,-6.03
616,5291.859244490337,5346.888267379677,1,-6.04
617,5291.859244490337,5348.803609791096,1,-6.05
618,5291.859244490337,5356.296431128805,1,-6.06
619,5291.859244490337,5362.229552730512,1,-6.07
620,5291.859244490337,5372.576096197927,1,-6.08
621,5291.859244490337,5377.292604998463,1,-6.09
622,5291.859244490337,5382.735587932653,1,-6.1
623,5291.859244490337,5383.2280279346905,1,-6.11
624,5291.859244490337,5378.962365006611,1,-6.12
625,5291.859244490337,5380.212936220337,1,-6.13
626,5291.859244490337,5376.120312789592,1,-6.14
627,5291.859244490337,5367.221871283633,1,-6.15
628,5291.859244490337,5368.519170196502,1,-6.16
629,5291.859244490337,5365.909508441065,1,-6.17
630,5291.859244490337,5359.253224261885,1,-6.18
631,5291.859244490337,5345.034033479786,1,-6.19
632,5291.859244490337,5321.952745312665,1,-6.2
633,5291.859244490337,5323.438071593402,1,-6.21
634,5291.859244490337,5329.565338602736,1,-6.22
635,5291.859244490337,5331.381813350001,1,-6.23
636,5291.859244490337,5338.39397058246,1,-6.24
637,5291.859244490337,5339.333967532571,1,-6.25
638,5291.859244490337,5344.121801150446,1,-6.26
639,5291.859244490337,5349.765305053959,1,-6.27
640,5291.859244490337,5358.477983146626,1,-6.28
641,5291.859244490337,5366.392513521112,1,-6.29
642,5291.859244490337,5369.303426551904,1,-6.3
643,5291.859244490337,5368.331635269792,1,-6.31
644,5291.859244490337,5363.595348392667,1,-6.32
645,5291.859244490337,5358.268279043402,1,-6.33
646,5291.859244490337,5337.923357872733,1,-6.34
647,5291.859244490337,5332.885663709987,1,-6.35
648,5291.859244490337,5332.747502392425,1,-6.36
649,5291.859244490337,5339.070712602481,1,-6.37
650,5291.859244490337,5337.66850455021,1,-6.38
651,5291.859244490337,5337.748670183342,1,-6.39
652,5291.859244490337,5339.851375135013,1,-6.4
653,5291.859244490337,5332.419324356888,1,-6.41
654,5291.859244490337,5331.380467070844,1,-6.42
655,5291.859244490337,5334.6959459908385,1,-6.43
656,5291.859244490337,5339.421240036865,1,-6.44
657,5291.859244490337,5348.751643254951,1,-6.45
658,5291.859244490337,5357.277558863181,1,-6.46
659,5291.859244490337,5370.634902469785,1,-6.47
660,5291.859244490337,5385.641017681366,1,-6.48
661,5291.859244490337,5397.212019709508,1,-6.49
662,5291.859244490337,5408.698910582352,1,-6.5
663,5291.859244490337,5418.758581172742,1,-6.51
664,5291.859244490337,5423.450702071066,1,-6.52
665,5291.859244490337,5423.297394175652,1,-6.53
666,5291.859244490337,5426.035349591082,1,-6.54
667,5291.859244490337,5427.532523732787,1,-6.55
668,5291.859244490337,5431.586090742474,1,-6.56
669,5291.859244490337,5434.229617629827,1,-6.57
670,5291.859244490337,5431.0566312822,1,-6.58
671,5291.859244490337,5432.044145351967,1,-6.59
672,5291.859244490337,5434.489673908897,1,-6.6
673,5291.859244490337,5432.7587455099165,1,-6.61
674,5291.859244490337,5423.750431756047,1,-6.62
675,5291.859244490337,5417.566418893417,1,-6.63
676,5291.859244490337,5415.042694059397,1,-6.64
677,5291.859244490337,5418.805532419967,1,-6.65
678,5414.122228146227,5414.122228146227,0,5.6816716
679,5412.913484814328,5413.653600540729,1,0.2
680,5412.913484814328,5412.113004784866,1,-6.66
681,5412.913484814328,5410.037336130654,1,-6.67
682,5412.913484814328,5417.370925923882,1,-6.68
683,5412.913484814328,5422.58736395778,1,-6.69
684,5412.913484814328,5431.1830882662425,1,-6.7
685,5412.913484814328,5445.893823157733,1,-6.71
686,5412.913484814328,5458.940303523743,1,-6.72
687,5412.913484814328,5464.60900973028,1,-6.73
688,5412.913484814328,5464.9186479838845,1,-6.74
689,5412.913484814328,5461.108856538158,1,-6.75
690,5412.913484814328,5455.939843947373,1,-6.76
691,5412.913484814328,5450.022597620749,1,-6.77
692,5412.913484814328,5449.68987123166,1,-6.78
693,5412.913484814328,5449.148938391013,1,-6.79
694,5412.913484814328,5454.3388662581665,1,-6.8
695,5412.913484814328,5460.949582700272,1,-6.81
696,5412.913484814328,5464.481804159437,1,-6.82
697,5412.913484814328,5462.927752094825,1,-6.83
698,5412.913484814328,5461.853374441824,1,-6.84
699,5412.913484814328,5462.3542935474325,1,-6.85
700,5412.913484814328,5466.781428517259,1,-6.86
701,5412.913484814328,5466.9319143211305,1,-6.87
702,5412.913484814328,5463.746236762916,1,-6.88
703,5412.913484814328,5462.4687182844045,1,-6.89
704,5412.913484814328,5460.3418404070835,1,-6.9
705,5412.913484814328,5452.578725253631,1,-6.91
706,5412.913484814328,5444.836257670595,1,-6.92
707,5412.913484814328,5437.701970074941,1,-6.93
708,5412.913484814328,5437.461574871011,1,-6.94
709,5412.913484814328,5440.46467685488,1,-6.95
710,5412.913484814328,5441.604378010414,1,-6.96
711,5412.913484814328,5440.880379493147,1,-6.97
712,5412.913484814328,5437.248682785814,1,-6.98
713,5412.913484814328,5430.467591181081,1,-6.99
714,5412.913484814328,5424.746013074215,1,-7.0
715,5412.913484814328,5415.702370358351,1,-7.01
716,5412.913484814328,5415.3930203176205,1,-7.02
717,5412.913484814328,5419.818612911298,1,-7.03
718,5412.913484814328,5424.474740733058,1,-7.04
719,5412.913484814328,5425.877531604662,1,-7.05
720,5412.913484814328,5430.019776397714,1,-7.06
721,5412.913484814328,5432.5337199052665,1,-7.07
722,5412.913484814328,5433.633305634872,1,-7.08
723,5412.913484814328,5435.458119316136,1,-7.09
724,5412.913484814328,5439.102974630319,1,-7.1
725,5412.913484814328,5445.212726891609,1,-7.11
726,5412.913484814328,5454.657128361294,1,-7.12
727,5412.913484814328,5456.520580509057,1,-7.13
728,5412.913484814328,5454.866535482664,1,-7.14
729,5412.913484814328,5456.330948255722,1,-7.15
730,5412.913484814328,5457.218231601288,1,-7.16
731,5412.913484814328,5456.095668864926,1,-7.17
732,5412.913484814328,5454.270697310276,1,-7.18
733,5412.913484814328,5452.338345382686,1,-7.19
734,5412.913484814328,5452.846261154569,1,-7.2
735,5412.913484814328,5457.502360397807,1,-7.21
736,5412.913484814328,5463.952742355638,1,-7.22
737,5412.913484814328,5458.1877889858915,1,-7.23
738,5412.913484814328,5452.242546918824,1,-7.24
739,5412.913484814328,5447.181774087367,1,-7.25
740,5412.913484814328,5442.304697660062,1,-7.26
741,5412.913484814328,5440.024241209605,1,-7.27
742,5412.913484814328,5443.779948285537,1,-7.28
743,5412.913484814328,5448.457525963792,1,-7.29
744,5412.913484814328,5448.744551922626,1,-7.3
745,5412.913484814328,5450.36805212087,1,-7.31
746,5412.913484814328,5456.191526756769,1,-7.32
747,5412.913484814328,5458.918450466224,1,-7.33
748,5412.913484814328,5459.32574695869,1,-7.34
749,5412.913484814328,5461.070712726632,1,-7.35
750,5412.913484814328,5466.628313537991,1,-7.36
751,5412.913484814328,5472.1061502041275,1,-7.37
752,5412.913484814328,5476.962059391178,1,-7.38
753,5412.913484814328,5483.16195028619,1,-7.39
754,5412.913484814328,5484.405713784181,1,-7.4
755,5412.913484814328,5488.737113383138,1,-7.41
756,5412.913484814328,5488.43754868202,1,-7.42
757,5412.913484814328,5487.217454979707,1,-7.43
758,5412.913484814328,5491.436738573888,1,-7.44
759,5412.913484814328,5497.014683058743,1,-7.45
760,5412.913484814328,5508.159232919125,1,-7.46
761,5412.913484814328,5517.244938015419,1,-7.47
762,5412.913484814328,5522.5775034439175,1,-7.48
763,5412.913484814328,5521.579494633119,1,-7.49
764,5412.913484814328,5520.342902772224,1,-7.5
765,5412.913484814328,5514.1011360003395,1,-7.51
766,5412.913484814328,5507.102427545579,1,-7.52
767,5412.913484814328,5509.978068953184,1,-7.53
768,5412.913484814328,5514.573701630759,1,-7.54
769,5412.913484814328,5520.2949582558795,1,-7.55
770,5412.913484814328,5523.973095453665,1,-7.56
771,5412.913484814328,5521.076250421902,1,-7.57
772,5412.913484814328,5516.527578128827,1,-7.58
773,5412.913484814328,5507.008406281366,1,-7.59
774,5412.913484814328,5497.389563032055,1,-7.6
775,5492.54486531857,5492.54486531857,0,3.6429996
776,5491.290054668583,5487.964841039904,1,0.2
777,5491.290054668583,5486.05250758408,1,-7.61
778,5491.290054668583,5478.848737668701,1,-7.62
779,5491.290054668583,5474.7097613783935,1,-7.63
780,5491.290054668583,5475.7366024228495,1,-7.64
781,5491.290054668583,5478.716101846524,1,-7.65
782,5491.290054668583,5477.007759073092,1,-7.66
783,5491.290054668583,5472.803231329119,1,-7.67
784,5461.831233168905,5461.831233168905,0,-0.8248106
785,5461.831233168905,5461.831233168905,0,-0.01
786,5461.831233168905,5461.831233168905,0,-0.02
787,5460.610676401394,5457.327269694969,1,0.2
788,5460.610676401394,5459.464127101736,1,-7.68
789,5460.610676401394,5456.778526998436,1,-7.69
790,5460.610676401394,5447.674869281768,1,-7.7
791,5460.610676401394,5438.999496235065,1,-7.71
792,5460.610676401394,5430.0570348116225,1,-7.72
793,5460.610676401394,5422.835023588,1,-7.73
794,5460.610676401394,5428.921451340573,1,-7.74
795,5460.610676401394,5431.902745821916,1,-7.75
796,5460.610676401394,5432.0902015133715,1,-7.76
797,5460.610676401394,5438.091274106396,1,-7.77
798,5460.610676401394,5444.697036194011,1,-7.78
799,5460.610676401394,5447.273249863834,1,-7.79
800,5460.610676401394,5452.256128785689,1,-7.8
801,5460.610676401394,5454.598551881429,1,-7.81
802,5460.610676401394,5449.962942246793,1,-7.82
803,5460.610676401394,5435.663690247147,1,-7.83
804,5460.610676401394,5419.651543882845,1,-7.84
805,5460.610676401394,5409.854356789585,1,-7.85
806,5460.610676401394,5400.144941874105,1,-7.86
807,5460.610676401394,5403.683884220927,1,-7.87
808,5460.610676401394,5409.340126176872,1,-7.88
809,5460.610676401394,5405.539909697888,1,-7.89
810,5460.610676401394,5390.033018304988,1,-7.9
811,5460.610676401394,5381.742560605271,1,-7.91
812,5460.610676401394,5385.498078899021,1,-7.92
813,5460.610676401394,5386.9150914799875,1,-7.93
814,5460.610676401394,5392.040610929138,1,-7.94
815,5460.610676401394,5397.220156695625,1,-7.95
816,5460.610676401394,5398.673274545934,1,-7.96
817,5460.610676401394,5402.513082330372,1,-7.97
818,5460.610676401394,5403.329387833377,1,-7.98
819,5460.610676401394,5403.018496557956,1,-7.99
820,5460.610676401394,5408.359517228687,1,-8.0
821,5460.610676401394,5406.743470516301,1,-8.01
822,5460.610676401394,5389.344309708413,1,-8.02
823,5460.610676401394,5385.722873997134,1,-8.03
824,5460.610676401394,5398.197727671186,1,-8.04
825,5460.610676401394,5415.023724404618,1,-8.05
826,5460.610676401394,5424.8068609308675,1,-8.06
827,5460.610676401394,5424.250273776181,1,-8.07
828,5460.610676401394,5423.41737578587,1,-8.08
829,5460.610676401394,5427.425268969624,1,-8.09
830,5460.610676401394,5431.6318465112,1,-8.1
831,5460.610676401394,5438.103685952172,1,-8.11
832,5460.610676401394,5435.482626733512,1,-8.12
833,5460.610676401394,5431.747609636563,1,-8.13
834,5460.610676401394,5436.083617564369,1,-8.14
835,5460.610676401394,5442.0166584447425,1,-8.15
836,5460.610676401394,5443.859773158056,1,-8.16
837,5460.610676401394,5446.39607641762,1,-8.17
838,5460.610676401394,5447.381871483001,1,-8.18
839,5460.610676401394,5442.40295341958,1,-8.19
840,5460.610676401394,5436.550404163934,1,-8.2
841,5460.610676401394,5435.071674460418,1,-8.21
842,5460.610676401394,5439.718034605516,1,-8.22
843,5460.610676401394,5443.485844744325,1,-8.23
844,5460.610676401394,5439.882915015656,1,-8.24
845,5460.610676401394,5436.366315690837,1,-8.25
846,5460.610676401394,5442.159447445052,1,-8.26
847,5460.610676401394,5448.075442032516,1,-8.27
848,5460.610676401394,5454.130294040691,1,-8.28
849,5460.610676401394,5460.438855477754,1,-8.29
850,5460.610676401394,5465.0996877807665,1,-8.3
851,5460.610676401394,5468.873623252743,1,-8.31
852,5460.610676401394,5467.674597365656,1,-8.32
853,5460.610676401394,5465.223584232422,1,-8.33
854,5460.610676401394,5468.109570719805,1,-8.34
855,5460.610676401394,5462.478543315188,1,-8.35
856,5460.610676401394,5455.829474613958,1,-8.36
857,5460.610676401394,5452.413295914882,1,-8.37
858,5460.610676401394,5449.963828518884,1,-8.38
859,5460.610676401394,5445.081605029965,1,-8.39
860,5460.610676401394,5446.59440195921,1,-8.4
861,5460.610676401394,5446.065016235861,1,-8.41
862,5460.610676401394,5447.104062136568,1,-8.42
863,5460.610676401394,5452.970585562043,1,-8.43
864,5460.610676401394,5470.861109937758,1,-8.44
865,5460.610676401394,5470.666159639426,1,-8.45
866,5460.610676401394,5470.040784368718,1,-8.46
867,5460.610676401394,5477.999608854923,1,-8.47
868,5460.610676401394,5485.681457584249,1,-8.48
869,5460.610676401394,5494.048179286022,1,-8.49
870,5460.610676401394,5498.006495662013,1,-8.5
871,5460.610676401394,5497.2747230882105,1,-8.51
872,5460.610676401394,5498.711088990816,1,-8.52
873,5460.610676401394,5501.751959272435,1,-8.53
874,5460.610676401394,5503.058204214683,1,-8.54
875,5460.610676401394,5500.566068759812,1,-8.55
876,5460.610676401394,5495.78341745295,1,-8.56
877,5460.610676401394,5492.907598987234,1,-8.57
878,5460.610676401394,5496.792794896948,1,-8.58
879,5460.610676401394,5499.7042010918085,1,-8.59
880,5460.610676401394,5497.253223766675,1,-8.6
881,5460.610676401394,5498.888885596411,1,-8.61
882,5460.610676401394,5497.636848410755,1,-8.62
883,5499.7597674958815,5499.7597674958815,0,1.9527645
884,5498.521640814522,5497.885358851846,1,0.2
885,5498.521640814522,5498.057283315187,1,-8.63
886,5498.521640814522,5497.726339679665,1,-8.64
887,5498.521640814522,5497.171584309758,1,-8.65
888,5498.521640814522,5494.21826183556,1,-8.66
889,5498.521640814522,5492.953049782871,1,-8.67
890,5498.521640814522,5489.560736099003,1,-8.68
891,5498.521640814522,5487.85900710009,1,-8.69
892,5498.521640814522,5485.916133787216,1,-8.7
893,5498.521640814522,5482.2992428475045,1,-8.71
894,5498.521640814522,5485.57144334125,1,-8.72
895,5498.521640814522,5485.194935762194,1,-8.73
896,5498.521640814522,5487.583212531283,1,-8.74
897,5498.521640814522,5486.574550417605,1,-8.75
898,5498.521640814522,5485.250287307483,1,-8.76
899,5498.521640814522,5484.126160090793,1,-8.77
900,5498.521640814522,5477.928041550846,1,-8.78
901,5498.521640814522,5467.667813147695,1,-8.79
902,5498.521640814522,5462.615246478187,1,-8.8
903,5498.521640814522,5458.4877748728195,1,-8.81
904,5498.521640814522,5455.577926726219,1,-8.82
905,5498.521640814522,5450.05585389179,1,-8.83
906,5498.521640814522,5444.549483535098,1,-8.84
907,5498.521640814522,5441.292445299456,1,-8.85
908,5498.521640814522,5438.997700949219,1,-8.86
909,5498.521640814522,5431.89050613415,1,-8.87
910,5498.521640814522,5428.803666039181,1,-8.88
911,5498.521640814522,5428.700340569341,1,-8.89
912,5498.521640814522,5427.277204254793,1,-8.9
913,5498.521640814522,5427.551120780989,1,-8.91
914,5498.521640814522,5430.286006674122,1,-8.92
915,5498.521640814522,5429.116747827329,1,-8.93
916,5498.521640814522,5423.494085393814,1,-8.94
917,5498.521640814522,5421.225356940064,1,-8.95
918,5498.521640814522,5428.211834012325,1,-8.96
919,5498.521640814522,5428.009993682861,1,-8.97
920,5498.521640814522,5430.047995622208,1,-8.98
921,5498.521640814522,5423.033841769714,1,-8.99
922,5498.521640814522,5414.513378272883,1,-9.0
923,5498.521640814522,5404.586141634883,1,-9.01
924,5498.521640814522,5394.204895217716,1,-9.02
925,5498.521640814522,5386.088392604213,1,-9.03
926,5498.521640814522,5373.750131180875,1,-9.04
927,5498.521640814522,5371.49184952436,1,-9.05
928,5498.521640814522,5374.695265978155,1,-9.06
929,5498.521640814522,5376.563796996055,1,-9.07
930,5498.521640814522,5379.11597359596,1,-9.08
931,5498.521640814522,5376.903972377775,1,-9.09
932,5498.521640814522,5379.845792123314,1,-9.1
933,5498.521640814522,5380.443252578116,1,-9.11
934,5498.521640814522,5375.283814196985,1,-9.12
935,5498.521640814522,5366.308038598789,1,-9.13
936,5498.521640814522,5377.26015018533,1,-9.14
937,5382.8776412889265,5382.8776412889265,0,-4.321096
938,5382.8776412889265,5382.8776412889265,0,-0.03
939,5382.8776412889265,5382.8776412889265,0,-0.04
940,5382.8776412889265,5382.8776412889265,0,-0.05
941,5382.8776412889265,5382.8776412889265,0,-0.06
942,5382.8776412889265,5382.8776412889265,0,-0.07
943,5382.8776412889265,5382.8776412889265,0,-0.08
944,5382.8776412889265,5382.8776412889265,0,-0.09
945,5382.8776412889265,5382.8776412889265,0,-0.1
946,5382.8776412889265,5382.8776412889265,0,-0.11
947,5382.8776412889265,5382.8776412889265,0,-0.12
948,5382.8776412889265,5382.8776412889265,0,-0.13
949,5382.8776412889265,5382.8776412889265,0,-0.14
950,5382.8776412889265,5382.8776412889265,0,-0.15
951,5382.8776412889265,5382.8776412889265,0,-0.16
952,5382.8776412889265,5382.8776412889265,0,-0.17
953,5382.8776412889265,5382.8776412889265,0,-0.18
954,5382.8776412889265,5382.8776412889265,0,-0.19
955,5382.8776412889265,5382.8776412889265,0,-0.2
956,5382.8776412889265,5382.8776412889265,0,-0.21
957,5382.8776412889265,5382.8776412889265,0,-0.22
958,5382.8776412889265,5382.8776412889265,0,-0.23
959,5382.8776412889265,5382.8776412889265,0,-0.24
960,5382.8776412889265,5382.8776412889265,0,-0.25
961,5382.8776412889265,5382.8776412889265,0,-0.26
962,5382.8776412889265,5382.8776412889265,0,-0.27
963,5382.8776412889265,5382.8776412889265,0,-0.28
964,5382.8776412889265,5382.8776412889265,0,-0.29
965,5382.8776412889265,5382.8776412889265,0,-0.3
966,5382.8776412889265,5382.8776412889265,0,-0.31
967,5382.8776412889265,5382.8776412889265,0,-0.32
968,5382.8776412889265,5382.8776412889265,0,-0.33
969,5382.8776412889265,5382.8776412889265,0,-0.34
970,5382.8776412889265,5382.8776412889265,0,-0.35
971,5382.8776412889265,5382.8776412889265,0,-0.36
972,5382.8776412889265,5382.8776412889265,0,-0.37
973,5382.8776412889265,5382.8776412889265,0,-0.38
974,5382.8776412889265,5382.8776412889265,0,-0.39
975,5381.807691637095,5384.0577813633945,1,0.2
976,5381.807691637095,5389.680814192903,1,-9.15
977,5381.807691637095,5403.876222893154,1,-9.16
978,5381.807691637095,5401.7194161644,1,-9.17
979,5381.807691637095,5401.793587277886,1,-9.18
980,5381.807691637095,5411.9929073470985,1,-9.19
981,5381.807691637095,5414.11669644125,1,-9.2
982,5381.807691637095,5416.178743654492,1,-9.21
983,5381.807691637095,5421.581096200065,1,-9.22
984,5381.807691637095,5431.676106623545,1,-9.23
985,5381.807691637095,5434.888785348408,1,-9.24
986,5381.807691637095,5429.151811099522,1,-9.25
987,5381.807691637095,5435.958209627999,1,-9.26
988,5381.807691637095,5449.664379462317,1,-9.27
989,5381.807691637095,5456.326490436792,1,-9.28
990,5381.807691637095,5454.6966535259,1,-9.29
991,5381.807691637095,5446.375031818745,1,-9.3
992,5381.807691637095,5433.300003608178,1,-9.31
993,5381.807691637095,5424.366540683629,1,-9.32
994,5381.807691637095,5406.54118012055,1,-9.33
995,5381.807691637095,5385.32856135586,1,-9.34
996,5381.807691637095,5372.89606562487,1,-9.35
997,5381.807691637095,5357.521197196591,1,-9.36
998,5381.807691637095,5355.089087642744,1,-9.37
999,5381.807691637095,5360.657627409482,1,-9.38
1000,5381.807691637095,5368.195356263542,1,-9.39
1001,5381.807691637095,5365.270003058984,1,-9.4
1002,5381.807691637095,5366.40621459125,1,-9.41
1003,5381.807691637095,5358.770202392608,1,-9.42
1004,5381.807691637095,5350.375954264413,1,-9.43
1005,5381.807691637095,5335.26922207847,1,-9.44
1006,5381.807691637095,5312.813273648839,1,-9.45
1007,5381.807691637095,5307.332160545886,1,-9.46
1008,5381.807691637095,5316.15476966666,1,-9.47
1009,5381.807691637095,5327.323710131933,1,-9.48
1010,5381.807691637095,5337.00792240698,1,-9.49
1011,5381.807691637095,5343.961618766847,1,-9.5
1012,5381.807691637095,5352.608495571401,1,-9.51
1013,5381.807691637095,5353.205429625199,1,-9.52
1014,5381.807691637095,5353.129354982037,1,-9.53
1015,5381.807691637095,5359.7041969987495,1,-9.54
1016,5381.807691637095,5369.654797692054,1,-9.55
1017,5381.807691637095,5378.231757755251,1,-9.56
1018,5381.807691637095,5378.30203725154,1,-9.57
1019,5381.807691637095,5373.925915677208,1,-9.58
1020,5381.807691637095,5374.917271457924,1,-9.59
1021,5381.807691637095,5380.667460374403,1,-9.6
1022,5381.807691637095,5380.426671343128,1,-9.61
1023,5381.807691637095,5387.644115332821,1,-9.62
1024,5381.807691637095,5397.367236333173,1,-9.63
1025,5381.807691637095,5407.359155344539,1,-9.64
1026,5381.807691637095,5405.971791378284,1,-9.65
1027,5381.807691637095,5402.9477804681555,1,-9.66
1028,5381.807691637095,5400.633111704022,1,-9.67
1029,5381.807691637095,5398.343116321751,1,-9.68
1030,5381.807691637095,5393.247798939072,1,-9.69
1031,5381.807691637095,5389.881842173303,1,-9.7
1032,5381.807691637095,5391.0292892586795,1,-9.71
1033,5381.807691637095,5389.287587280576,1,-9.72
1034,5381.807691637095,5397.945034260887,1,-9.73
1035,5381.807691637095,5408.169077179926,1,-9.74
1036,5381.807691637095,5417.01375895673,1,-9.75
1037,5381.807691637095,5424.523761368106,1,-9.76
1038,5381.807691637095,5429.309086825427,1,-9.77
1039,5381.807691637095,5432.285060786015,1,-9.78
1040,5381.807691637095,5438.297657210458,1,-9.79
1041,5381.807691637095,5445.8594725232,1,-9.8
1042,5381.807691637095,5455.032322036982,1,-9.81
1043,5381.807691637095,5459.199055265587,1,-9.82
1044,5381.807691637095,5458.02640543762,1,-9.83
1045,5381.807691637095,5456.041722725113,1,-9.84
1046,5381.807691637095,5453.2003244155585,1,-9.85
1047,5381.807691637095,5459.610812199402,1,-9.86
1048,5381.807691637095,5464.39367386049,1,-9.87
1049,5381.807691637095,5470.041771059905,1,-9.88
1050,5381.807691637095,5476.473200997067,1,-9.89
1051,5381.807691637095,5477.3593936091365,1,-9.9
1052,5381.807691637095,5477.326541508184,1,-9.91
1053,5381.807691637095,5476.131792593254,1,-9.92
1054,5381.807691637095,5475.93039794942,1,-9.93
1055,5381.807691637095,5470.990962932843,1,-9.94
1056,5381.807691637095,5460.564052526952,1,-9.95
1057,5381.807691637095,5470.432756325852,1,-9.96
1058,5381.807691637095,5486.605778128443,1,-9.97
1059,5381.807691637095,5494.5461397373165,1,-9.98
1060,5381.807691637095,5500.1942027613495,1,-9.99
1061,5381.807691637095,5498.2580302245715,1,-10.0
1062,5381.807691637095,5491.181449590205,1,-10.01
1063,5381.807691637095,5486.447880223885,1,-10.02
1064,5381.807691637095,5483.11375275929,1,-10.03
1065,5381.807691637095,5486.464939731825,1,-10.04
1066,5381.807691637095,5489.282628114026,1,-10.05
1067,5381.807691637095,5490.784506288093,1,-10.06
1068,5381.807691637095,5491.0024524280925,1,-10.07
1069,5381.807691637095,5496.084412674025,1,-10.08
1070,5381.807691637095,5503.822347271824,1,-10.09
1071,5502.703890330496,5502.703890330496,0,5.998647
1072,5501.570958083042,5498.056879469141,1,0.2
1073,5501.570958083042,5496.337824055451,1,-10.1
1074,5501.570958083042,5492.993061769792,1,-10.11
1075,5501.570958083042,5492.507830326504,1,-10.12
1076,5501.570958083042,5487.2768982823,1,-10.13
1077,5501.570958083042,5482.019333592974,1,-10.14
1078,5501.570958083042,5483.197571569201,1,-10.15
1079,5501.570958083042,5479.409850187209,1,-10.16
1080,5501.570958083042,5480.448448065001,1,-10.17
1081,5501.570958083042,5482.421963080375,1,-10.18
1082,5501.570958083042,5485.403910248702,1,-10.19
1083,5501.570958083042,5492.46623673831,1,-10.2
1084,5501.570958083042,5495.111269038807,1,-10.21
1085,5501.570958083042,5495.0440394506895,1,-10.22
1086,5501.570958083042,5496.807318385843,1,-10.23
1087,5501.570958083042,5497.32438477942,1,-10.24
1088,5501.570958083042,5491.9923050249945,1,-10.25
1089,5501.570958083042,5483.928999368141,1,-10.26
1090,5501.570958083042,5482.221162152009,1,-10.27
1091,5501.570958083042,5476.5609561604615,1,-10.28
1092,5501.570958083042,5471.958175401958,1,-10.29
1093,5501.570958083042,5471.880039117992,1,-10.3
1094,5501.570958083042,5469.918411024596,1,-10.31
1095,5501.570958083042,5461.171663028374,1,-10.32
1096,5501.570958083042,5451.313047133107,1,-10.33
1097,5501.570958083042,5451.203947443525,1,-10.34
1098,5501.570958083042,5450.9152642700465,1,-10.35
1099,5501.570958083042,5455.908314439193,1,-10.36
1100,5501.570958083042,5463.006148120114,1,-10.37
1101,5501.570958083042,5466.526598993727,1,-10.38
1102,5501.570958083042,5471.750117933645,1,-10.39
1103,5501.570958083042,5476.040223879786,1,-10.4
1104,5501.570958083042,5475.167022778292,1,-10.41
1105,5501.570958083042,5473.057313527673,1,-10.42
1106,5501.570958083042,5464.431386877302,1,-10.43
1107,5501.570958083042,5456.863316176816,1,-10.44
1108,5501.570958083042,5449.365030725721,1,-10.45
1109,5501.570958083042,5445.228245072927,1,-10.46
1110,5501.570958083042,5447.316173565641,1,-10.47
1111,5501.570958083042,5439.446744696575,1,-10.48
1112,5501.570958083042,5419.370529596662,1,-10.49
1113,5501.570958083042,5398.471313165992,1,-10.5
1114,5501.570958083042,5382.029878973892,1,-10.51
1115,5501.570958083042,5378.774792828262,1,-10.52
1116,5501.570958083042,5374.500968583475,1,-10.53
1117,5501.570958083042,5367.874581994742,1,-10.54
1118,5501.570958083042,5347.599246473328,1,-10.55
1119,5501.570958083042,5343.499626497823,1,-10.56
1120,5501.570958083042,5353.006102092718,1,-10.57
1121,5501.570958083042,5357.43514885291,1,-10.58
1122,5501.570958083042,5355.4558135385905,1,-10.59
1123,5501.570958083042,5351.188760835443,1,-10.6
1124,5501.570958083042,5359.486938040315,1,-10.61
1125,5501.570958083042,5365.308522358082,1,-10.62
1126,5501.570958083042,5370.065098106511,1,-10.63
1127,5501.570958083042,5380.513241034029,1,-10.64
1128,5501.570958083042,5392.341094068155,1,-10.65
1129,5501.570958083042,5397.656510243017,1,-10.66
1130,5501.570958083042,5400.904905733473,1,-10.67
1131,5501.570958083042,5402.424676029981,1,-10.68
1132,5501.570958083042,5403.365591429052,1,-10.69
1133,5501.570958083042,5404.358567329753,1,-10.7
1134,5501.570958083042,5408.246579632785,1,-10.71
1135,5501.570958083042,5416.827640641181,1,-10.72
1136,5501.570958083042,5420.202811363335,1,-10.73
1137,5501.570958083042,5427.947262521404,1,-10.74
1138,5501.570958083042,5436.485445273454,1,-10.75
1139,5501.570958083042,5436.945542371541,1,-10.76
1140,5501.570958083042,5434.867650913746,1,-10.77
1141,5501.570958083042,5428.873879442276,1,-10.78
1142,5501.570958083042,5437.490456485662,1,-10.79
1143,5501.570958083042,5433.37395908729,1,-10.8
1144,5501.570958083042,5427.957889848785,1,-10.81
1145,5501.570958083042,5426.866179531647,1,-10.82
1146,5501.570958083042,5424.927117818733,1,-10.83
1147,5501.570958083042,5420.7316429971315,1,-10.84
1148,5501.570958083042,5413.944280245241,1,-10.85
1149,5501.570958083042,5399.57766681117,1,-10.86
1150,5501.570958083042,5394.02518926085,1,-10.87
1151,5501.570958083042,5387.714370043957,1,-10.88
1152,5501.570958083042,5373.424389943603,1,-10.89
1153,5501.570958083042,5349.715268859431,1,-10.9
1154,5501.570958083042,5330.657885707268,1,-10.91
1155,5501.570958083042,5332.994857334953,1,-10.92
1156,5501.570958083042,5345.25315537017,1,-10.93
1157,5501.570958083042,5347.271077848136,1,-10.94
1158,5501.570958083042,5341.826547246816,1,-10.95
1159,5501.570958083042,5343.2250329648905,1,-10.96
1160,5501.570958083042,5356.545020720433,1,-10.97
1161,5501.570958083042,5365.566498268989,1,-10.98
1162,5501.570958083042,5365.070943159111,1,-10.99
1163,5501.570958083042,5359.502800280925,1,-11.0
1164,5501.570958083042,5353.613926756241,1,-11.01
1165,5501.570958083042,5349.675449060377,1,-11.02
1166,5501.570958083042,5342.21888949747,1,-11.03
1167,5501.570958083042,5332.477688504611,1,-11.04
1168,5319.3152440034655,5319.3152440034655,0,-7.6945167
1169,5318.273387557302,5315.735823691171,1,0.2
1170,5318.273387557302,5316.5530793444,1,-11.05
1171,5318.273387557302,5313.484775558232,1,-11.06
1172,5318.273387557302,5318.232608546499,1,-11.07
1173,5318.273387557302,5332.274411297467,1,-11.08
1174,5318.273387557302,5353.041986562106,1,-11.09
1175,5318.273387557302,5361.132909605054,1,-11.1
1176,5318.273387557302,5366.838103469261,1,-11.11
1177,5318.273387557302,5373.83276201893,1,-11.12
1178,5318.273387557302,5378.101543803733,1,-11.13
1179,5318.273387557302,5382.463230608473,1,-11.14
1180,5318.273387557302,5382.609509237889,1,-11.15
1181,5318.273387557302,5380.436658321395,1,-11.16
1182,5318.273387557302,5386.871826942501,1,-11.17
1183,5318.273387557302,5398.870183722309,1,-11.18
1184,5318.273387557302,5408.500085440631,1,-11.19
1185,5318.273387557302,5413.421433815785,1,-11.2
1186,5318.273387557302,5416.405577222929,1,-11.21
1187,5318.273387557302,5413.846659069208,1,-11.22
1188,5318.273387557302,5416.605761200897,1,-11.23
1189,5318.273387557302,5418.451985749687,1,-11.24
1190,5318.273387557302,5410.431557264368,1,-11.25
1191,5318.273387557302,5408.604047259621,1,-11.26
1192,5318.273387557302,5409.901945730699,1,-11.27
1193,5318.273387557302,5414.773151148677,1,-11.28
1194,5318.273387557302,5421.188868931537,1,-11.29
1195,5318.273387557302,5431.174816862139,1,-11.3
1196,5318.273387557302,5441.216942871082,1,-11.31
1197,5318.273387557302,5446.307372967311,1,-11.32
1198,5318.273387557302,5442.966537247054,1,-11.33
1199,5318.273387557302,5434.033599990054,1,-11.34
1200,5318.273387557302,5420.465623939311,1,-11.35
1201,5318.273387557302,5410.144633044082,1,-11.36
1202,5318.273387557302,5402.129636409139,1,-11.37
1203,5318.273387557302,5396.875637399537,1,-11.38
1204,5318.273387557302,5402.978637005675,1,-11.39
1205,5318.273387557302,5418.591634833694,1,-11.4
1206,5318.273387557302,5432.627628711611,1,-11.41
1207,5318.273387557302,5445.892612517342,1,-11.42
1208,5318.273387557302,5460.391570056619,1,-11.43
1209,5318.273387557302,5477.483458868717,1,-11.44
1210,5318.273387557302,5488.550167765737,1,-11.45
1211,5318.273387557302,5493.598405644696,1,-11.46
1212,5318.273387557302,5494.626410384553,1,-11.47
1213,5318.273387557302,5504.302186725166,1,-11.48
1214,5318.273387557302,5514.88151100715,1,-11.49
1215,5318.273387557302,5520.663707512486,1,-11.5
1216,5318.273387557302,5518.910972746513,1,-11.51
1217,5318.273387557302,5520.430571943256,1,-11.52
1218,5318.273387557302,5524.832104299458,1,-11.53
1219,5318.273387557302,5531.937102171321,1,-11.54
1220,5318.273387557302,5542.950563430709,1,-11.55
1221,5318.273387557302,5551.325949337009,1,-11.56
1222,5318.273387557302,5552.80864579652,1,-11.57
1223,5318.273387557302,5551.471349268754,1,-11.58
1224,5318.273387557302,5546.656763225946,1,-11.59
1225,5318.273387557302,5546.430301625289,1,-11.6
1226,5318.273387557302,5555.185502866121,1,-11.61
1227,5318.273387557302,5555.56756818928,1,-11.62
1228,5318.273387557302,5562.868562917922,1,-11.63
1229,5318.273387557302,5568.879481780688,1,-11.64
1230,5318.273387557302,5569.681243640349,1,-11.65
1231,5318.273387557302,5561.6356103565595,1,-11.66
1232,5318.273387557302,5558.266948645533,1,-11.67
1233,5318.273387557302,5554.656596796243,1,-11.68
1234,5318.273387557302,5553.764202959401,1,-11.69
1235,5318.273387557302,5558.577373298161,1,-11.7
1236,5318.273387557302,5562.979278151284,1,-11.71
1237,5318.273387557302,5567.181822371896,1,-11.72
1238,5318.273387557302,5575.017550180605,1,-11.73
1239,5318.273387557302,5573.722189386122,1,-11.74
1240,5318.273387557302,5557.760379193967,1,-11.75
1241,5318.273387557302,5539.750309411982,1,-11.76
1242,5318.273387557302,5541.981910258184,1,-11.77
1243,5318.273387557302,5544.946782578772,1,-11.78
1244,5318.273387557302,5546.009798694337,1,-11.79
1245,5318.273387557302,5549.073974720443,1,-11.8
1246,5318.273387557302,5546.513486683197,1,-11.81
1247,5318.273387557302,5548.467846545348,1,-11.82
1248,5318.273387557302,5553.291414169052,1,-11.83
1249,5318.273387557302,5555.737757178011,1,-11.84
1250,5318.273387557302,5553.603218581182,1,-11.85
1251,5318.273387557302,5547.21325978174,1,-11.86
1252,5318.273387557302,5542.38792198024,1,-11.87
1253,5318.273387557302,5528.581867375185,1,-11.88
1254,5318.273387557302,5525.839041361516,1,-11.89
1255,5318.273387557302,5532.006617925568,1,-11.9
1256,5318.273387557302,5537.632173631391,1,-11.91
1257,5318.273387557302,5540.211264184807,1,-11.92
1258,5318.273387557302,5543.4929801392345,1,-11.93
1259,5318.273387557302,5539.7190374491,1,-11.94
1260,5318.273387557302,5536.22549342427,1,-11.95
1261,5318.273387557302,5539.8488040399125,1,-11.96
1262,5318.273387557302,5546.312279911672,1,-11.97
1263,5318.273387557302,5552.689396911306,1,-11.98
1264,5318.273387557302,5554.547272038449,1,-11.99
1265,5547.509252742608,5547.509252742608,0,11.350345
1266,5546.359598490965,5549.4282326097655,1,0.2
1267,5546.359598490965,5541.876674282697,1,-12.0
1268,5546.359598490965,5538.50034928325,1,-12.01
1269,5546.359598490965,5537.532932611977,1,-12.02
1270,5546.359598490965,5534.017007597604,1,-12.03
1271,5546.359598490965,5536.05664922576,1,-12.04
1272,5546.359598490965,5540.841499124599,1,-12.05
1273,5546.359598490965,5542.47640719296,1,-12.06
1274,5546.359598490965,5544.256281499207,1,-12.07
1275,5546.359598490965,5545.930996349583,1,-12.08
1276,5546.359598490965,5545.125266594466,1,-12.09
1277,5546.359598490965,5541.6333624787385,1,-12.1
1278,5546.359598490965,5534.553379886671,1,-12.11
1279,5546.359598490965,5527.775336226199,1,-12.12
1280,5546.359598490965,5522.0811878368495,1,-12.13
1281,5546.359598490965,5515.0067863292725,1,-12.14
1282,5546.359598490965,5512.117730195891,1,-12.15
1283,5546.359598490965,5503.354963303325,1,-12.16
1284,5546.359598490965,5507.555718759008,1,-12.17
1285,5546.359598490965,5521.420752018625,1,-12.18
1286,5546.359598490965,5545.825096341787,1,-12.19
1287,5546.359598490965,5575.573096051661,1,-12.2
1288,5546.359598490965,5594.832750858121,1,-12.21
1289,5546.359598490965,5607.6237155676245,1,-12.22
1290,5546.359598490965,5613.596954889677,1,-12.23
1291,5546.359598490965,5620.35570814633,1,-12.24
1292,5546.359598490965,5624.208728594237,1,-12.25
1293,5546.359598490965,5629.469036681305,1,-12.26
1294,5546.359598490965,5630.0369404946,1,-12.27
1295,5546.359598490965,5637.090343847416,1,-12.28
1296,5546.359598490965,5659.322650092574,1,-12.29
1297,5546.359598490965,5673.496165475228,1,-12.3
1298,5546.359598490965,5674.504405378033,1,-12.31
1299,5546.359598490965,5671.045609703792,1,-12.32
1300,5546.359598490965,5677.750982778269,1,-12.33
1301,5546.359598490965,5685.635897675937,1,-12.34
1302,5546.359598490965,5690.455269294462,1,-12.35
1303,5546.359598490965,5687.918469252374,1,-12.36
1304,5546.359598490965,5682.898697507585,1,-12.37
1305,5546.359598490965,5676.246182315304,1,-12.38
1306,5546.359598490965,5673.348408483249,1,-12.39
1307,5546.359598490965,5670.297602179369,1,-0.077112466
1308,5546.359598490965,5665.272957099781,1,-0.01
1309,5546.359598490965,5665.489828164897,1,-0.02
1310,5546.359598490965,5665.805086439834,1,-0.03
1311,5546.359598490965,5662.953990199529,1,-0.04
1312,5546.359598490965,5657.055443203675,1,-0.05
1313,5546.359598490965,5658.500898456421,1,-0.06
1314,5546.359598490965,5665.96581121051,1,-0.07
1315,5546.359598490965,5674.575094220034,1,-0.08
1316,5546.359598490965,5674.868030494514,1,-0.09
1317,5546.359598490965,5673.077556308432,1,-0.1
1318,5546.359598490965,5661.523197475704,1,-0.11
1319,5546.359598490965,5653.510595163607,1,-0.12
1320,5546.359598490965,5644.617147060038,1,-0.13
1321,5546.359598490965,5643.92940506143,1,-0.11325868
1322,5546.359598490965,5639.979627169176,1,-0.11593037
1323,5546.359598490965,5635.108035491025,1,-0.118642144
1324,5546.359598490965,5629.873038348816,1,-0.121369705
1325,5546.359598490965,5625.0896386003515,1,-0.01
1326,5546.359598490965,5625.174436497159,1,-0.02
1327,5613.7022368950265,5618.65222993605,0,-0.03
